Objeto,Ângulo (º),Distância (m),Altura (m),Tempo (s),Velocidade média (m/s)
Aro,5.56,0.7640842458,0.074,1.636,0.46704416
Aro,5.56,0.7640842458,0.074,1.647,0.4639248608
Aro,5.56,0.7640842458,0.074,1.628,0.4693392173
Aro,5.56,0.7640842458,0.074,1.656,0.4614035301
Aro,5.56,0.7640842458,0.074,1.633,0.4679021713
Aro,5.56,0.7640842458,0.074,1.677,0.4556256683
Aro,5.56,0.7640842458,0.074,1.653,0.4622409231
Aro,5.56,0.7640842458,0.074,1.685,0.4534624604
Aro,5.56,0.7640842458,0.074,1.644,0.4647714391
Aro,5.56,0.7640842458,0.074,1.631,0.4684759324
esfera,5.56,0.7640842458,0.074,1.333,0.573206486
esfera,5.56,0.7640842458,0.074,1.324,0.5771029047
esfera,5.56,0.7640842458,0.074,1.469,0.5201390373
esfera,5.56,0.7640842458,0.074,1.362,0.5610016489
esfera,5.56,0.7640842458,0.074,1.347,0.5672488833
esfera,5.56,0.7640842458,0.074,1.39,0.5497008963
esfera,5.56,0.7640842458,0.074,1.334,0.572776796
esfera,5.56,0.7640842458,0.074,1.34,0.5702121237
esfera,5.56,0.7640842458,0.074,1.376,0.5552937833
esfera,5.56,0.7640842458,0.074,1.348,0.5668280755
esfera ,5.56,0.7640842458,0.074,1.382,0.5528829564
esfera ,5.56,0.7640842458,0.074,1.367,0.5589497043
esfera ,5.56,0.7640842458,0.074,1.357,0.5630687147
esfera ,5.56,0.7640842458,0.074,1.367,0.5589497043
esfera ,5.56,0.7640842458,0.074,1.373,0.5565070982
esfera ,5.56,0.7640842458,0.074,1.372,0.5569127156
esfera ,5.56,0.7640842458,0.074,1.377,0.5548905198
esfera ,5.56,0.7640842458,0.074,1.379,0.5540857475
esfera ,5.56,0.7640842458,0.074,1.361,0.561413847
esfera ,5.56,0.7640842458,0.074,1.355,0.5638998124
cilindro,5.56,0.7640842458,0.074,1.435,0.5324628891
cilindro,5.56,0.7640842458,0.074,1.432,0.5335783839
cilindro,5.56,0.7640842458,0.074,1.445,0.5287780248
cilindro,5.56,0.7640842458,0.074,1.437,0.5317218134
cilindro,5.56,0.7640842458,0.074,1.422,0.5373306933
cilindro,5.56,0.7640842458,0.074,1.424,0.5365760153
cilindro,5.56,0.7640842458,0.074,1.415,0.5399888663
cilindro,5.56,0.7640842458,0.074,1.415,0.5399888663
cilindro,5.56,0.7640842458,0.074,1.432,0.5335783839
cilindro,5.56,0.7640842458,0.074,1.424,0.5365760153
Aro,5.56,0.7124569319,0.069,1.556,0.4578772056
Aro,5.56,0.7124569319,0.069,1.546,0.4608388952
Aro,5.56,0.7124569319,0.069,1.523,0.4677983795
Aro,5.56,0.7124569319,0.069,1.504,0.4737080664
Aro,5.56,0.7124569319,0.069,1.546,0.4608388952
Aro,5.56,0.7124569319,0.069,1.561,0.4564105906
Aro,5.56,0.7124569319,0.069,1.531,0.4653539725
Aro,5.56,0.7124569319,0.069,1.502,0.4743388362
Aro,5.56,0.7124569319,0.069,1.54,0.4626343714
Aro,5.56,0.7124569319,0.069,1.59,0.4480861207
esfera,5.56,0.7124569319,0.069,1.287,0.5535795897
esfera,5.56,0.7124569319,0.069,1.296,0.549735287
esfera,5.56,0.7124569319,0.069,1.272,0.5601076509
esfera,5.56,0.7124569319,0.069,1.29,0.5522921953
esfera,5.56,0.7124569319,0.069,1.289,0.5527206609
esfera,5.56,0.7124569319,0.069,1.312,0.5430311981
esfera,5.56,0.7124569319,0.069,1.302,0.5472019446
esfera,5.56,0.7124569319,0.069,1.319,0.5401493039
esfera,5.56,0.7124569319,0.069,1.302,0.5472019446
esfera,5.56,0.7124569319,0.069,1.304,0.5463626778
esfera ,5.56,0.7124569319,0.069,1.255,0.5676947665
esfera ,5.56,0.7124569319,0.069,1.298,0.5488882372
esfera ,5.56,0.7124569319,0.069,1.271,0.5605483335
esfera ,5.56,0.7124569319,0.069,1.288,0.5531497919
esfera ,5.56,0.7124569319,0.069,1.275,0.5587897505
esfera ,5.56,0.7124569319,0.069,1.272,0.5601076509
esfera ,5.56,0.7124569319,0.069,1.3,0.5480437938
esfera ,5.56,0.7124569319,0.069,1.295,0.550159793
esfera ,5.56,0.7124569319,0.069,1.272,0.5601076509
esfera ,5.56,0.7124569319,0.069,1.296,0.549735287
cilindro,5.56,0.7124569319,0.069,1.334,0.5340756611
cilindro,5.56,0.7124569319,0.069,1.349,0.5281370881
cilindro,5.56,0.7124569319,0.069,1.338,0.5324790224
cilindro,5.56,0.7124569319,0.069,1.347,0.5289212561
cilindro,5.56,0.7124569319,0.069,1.344,0.5301018839
cilindro,5.56,0.7124569319,0.069,1.378,0.517022447
cilindro,5.56,0.7124569319,0.069,1.359,0.5242508697
cilindro,5.56,0.7124569319,0.069,1.349,0.5281370881
cilindro,5.56,0.7124569319,0.069,1.345,0.5297077561
cilindro,5.56,0.7124569319,0.069,1.393,0.5114550839
Aro,5.56,0.6298532297,0.061,1.461,0.4311110401
Aro,5.56,0.6298532297,0.061,1.435,0.4389221113
Aro,5.56,0.6298532297,0.061,1.449,0.4346813179
Aro,5.56,0.6298532297,0.061,1.466,0.4296406751
Aro,5.56,0.6298532297,0.061,1.448,0.4349815122
Aro,5.56,0.6298532297,0.061,1.444,0.4361864471
Aro,5.56,0.6298532297,0.061,1.455,0.4328888176
Aro,5.56,0.6298532297,0.061,1.436,0.4386164552
Aro,5.56,0.6298532297,0.061,1.438,0.4380064184
Aro,5.56,0.6298532297,0.061,1.448,0.4349815122
esfera,5.56,0.6298532297,0.061,1.216,0.517971406
esfera,5.56,0.6298532297,0.061,1.182,0.5328707527
esfera,5.56,0.6298532297,0.061,1.226,0.5137465168
esfera,5.56,0.6298532297,0.061,1.236,0.5095899916
esfera,5.56,0.6298532297,0.061,1.195,0.5270738323
esfera,5.56,0.6298532297,0.061,1.199,0.5253154543
esfera,5.56,0.6298532297,0.061,1.233,0.51082987
esfera,5.56,0.6298532297,0.061,1.223,0.5150067291
esfera,5.56,0.6298532297,0.061,1.228,0.5129097961
esfera,5.56,0.6298532297,0.061,1.209,0.5209704133
esfera ,5.56,0.6298532297,0.061,1.213,0.5192524564
esfera ,5.56,0.6298532297,0.061,1.217,0.5175457926
esfera ,5.56,0.6298532297,0.061,1.21,0.5205398592
esfera ,5.56,0.6298532297,0.061,1.202,0.5240043508
esfera ,5.56,0.6298532297,0.061,1.213,0.5192524564
esfera ,5.56,0.6298532297,0.061,1.204,0.5231339117
esfera ,5.56,0.6298532297,0.061,1.188,0.5301794862
esfera ,5.56,0.6298532297,0.061,1.202,0.5240043508
esfera ,5.56,0.6298532297,0.061,1.212,0.5196808826
esfera ,5.56,0.6298532297,0.061,1.249,0.5042860125
cilindro,5.56,0.6298532297,0.061,1.267,0.4971217282
cilindro,5.56,0.6298532297,0.061,1.271,0.4955572224
cilindro,5.56,0.6298532297,0.061,1.284,0.4905398985
cilindro,5.56,0.6298532297,0.061,1.264,0.4983016057
cilindro,5.56,0.6298532297,0.061,1.274,0.4943902902
cilindro,5.56,0.6298532297,0.061,1.266,0.4975143994
cilindro,5.56,0.6298532297,0.061,1.256,0.5014755013
cilindro,5.56,0.6298532297,0.061,1.252,0.5030776595
cilindro,5.56,0.6298532297,0.061,1.27,0.4959474249
cilindro,5.56,0.6298532297,0.061,1.245,0.5059062086
Aro,5.56,0.5782259157,0.056,1.452,0.3982272147
Aro,5.56,0.5782259157,0.056,1.427,0.4052038653
Aro,5.56,0.5782259157,0.056,1.455,0.3974061277
Aro,5.56,0.5782259157,0.056,1.404,0.4118418203
Aro,5.56,0.5782259157,0.056,1.396,0.4142019454
Aro,5.56,0.5782259157,0.056,1.414,0.4089292191
Aro,5.56,0.5782259157,0.056,1.418,0.4077756811
Aro,5.56,0.5782259157,0.056,1.44,0.4015457748
Aro,5.56,0.5782259157,0.056,1.41,0.4100893019
Aro,5.56,0.5782259157,0.056,1.445,0.4001563431
esfera,5.56,0.5782259157,0.056,1.18,0.4900219625
esfera,5.56,0.5782259157,0.056,1.189,0.4863127971
esfera,5.56,0.5782259157,0.056,1.196,0.4834664847
esfera,5.56,0.5782259157,0.056,1.199,0.4822568105
esfera,5.56,0.5782259157,0.056,1.2,0.4818549298
esfera,5.56,0.5782259157,0.056,1.168,0.4950564347
esfera,5.56,0.5782259157,0.056,1.179,0.4904375876
esfera,5.56,0.5782259157,0.056,1.188,0.4867221513
esfera,5.56,0.5782259157,0.056,1.198,0.4826593621
esfera,5.56,0.5782259157,0.056,1.156,0.5001954288
esfera ,5.56,0.5782259157,0.056,1.168,0.4950564347
esfera ,5.56,0.5782259157,0.056,1.181,0.4896070413
esfera ,5.56,0.5782259157,0.056,1.164,0.4967576596
esfera ,5.56,0.5782259157,0.056,1.171,0.4937881433
esfera ,5.56,0.5782259157,0.056,1.177,0.4912709565
esfera ,5.56,0.5782259157,0.056,1.18,0.4900219625
esfera ,5.56,0.5782259157,0.056,1.18,0.4900219625
esfera ,5.56,0.5782259157,0.056,1.168,0.4950564347
esfera ,5.56,0.5782259157,0.056,1.186,0.4875429306
esfera ,5.56,0.5782259157,0.056,1.186,0.4875429306
cilindro,5.56,0.5782259157,0.056,1.256,0.460370952
cilindro,5.56,0.5782259157,0.056,1.214,0.4762981184
cilindro,5.56,0.5782259157,0.056,1.234,0.4685785379
cilindro,5.56,0.5782259157,0.056,1.285,0.4499812574
cilindro,5.56,0.5782259157,0.056,1.249,0.4629510935
cilindro,5.56,0.5782259157,0.056,1.264,0.4574572118
cilindro,5.56,0.5782259157,0.056,1.261,0.4585455319
cilindro,5.56,0.5782259157,0.056,1.222,0.4731799638
cilindro,5.56,0.5782259157,0.056,1.244,0.4648118294
cilindro,5.56,0.5782259157,0.056,1.254,0.461105196
Aro,5.85,0.7463916092,0.076,1.647,0.4531825192
Aro,5.85,0.7463916092,0.076,1.653,0.4515375736
Aro,5.85,0.7463916092,0.076,1.662,0.4490924243
Aro,5.85,0.7463916092,0.076,1.650,0.452358551
Aro,5.85,0.7463916092,0.076,1.683,0.4434887755
Aro,5.85,0.7463916092,0.076,1.657,0.4504475614
Aro,5.85,0.7463916092,0.076,1.623,0.4598839243
Aro,5.85,0.7463916092,0.076,1.647,0.4531825192
Aro,5.85,0.7463916092,0.076,1.668,0.4474769839
Aro,5.85,0.7463916092,0.076,1.630,0.4579089627
Esfera,5.85,0.7463916092,0.076,1.410,0.5293557512
Esfera,5.85,0.7463916092,0.076,1.337,0.558258496
Esfera,5.85,0.7463916092,0.076,1.469,0.5080950369
Esfera,5.85,0.7463916092,0.076,1.478,0.5050010887
Esfera,5.85,0.7463916092,0.076,1.313,0.568462764
Esfera,5.85,0.7463916092,0.076,1.477,0.5053429988
Esfera,5.85,0.7463916092,0.076,1.449,0.5151080809
Esfera,5.85,0.7463916092,0.076,1.407,0.5304844415
Esfera,5.85,0.7463916092,0.076,1.422,0.524888614
Esfera,5.85,0.7463916092,0.076,1.372,0.5440172078
Cilindro,5.85,0.7463916092,0.076,1.441,0.5179678065
Cilindro,5.85,0.7463916092,0.076,1.440,0.5183275064
Cilindro,5.85,0.7463916092,0.076,1.447,0.5158200478
Cilindro,5.85,0.7463916092,0.076,1.421,0.5252579938
Cilindro,5.85,0.7463916092,0.076,1.422,0.524888614
Cilindro,5.85,0.7463916092,0.076,1.424,0.5241514109
Cilindro,5.85,0.7463916092,0.076,1.415,0.5274852362
Cilindro,5.85,0.7463916092,0.076,1.450,0.5147528339
Cilindro,5.85,0.7463916092,0.076,1.436,0.5197713156
Cilindro,5.85,0.7463916092,0.076,1.446,0.5161767698
Aro,5.85,0.7954963203,0.081,1.688,0.4712655926
Aro,5.85,0.7954963203,0.081,1.675,0.4749231763
Aro,5.85,0.7954963203,0.081,1.693,0.4698737864
Aro,5.85,0.7954963203,0.081,1.675,0.4749231763
Aro,5.85,0.7954963203,0.081,1.657,0.4800822693
Aro,5.85,0.7954963203,0.081,1.654,0.4809530352
Aro,5.85,0.7954963203,0.081,1.678,0.4740740884
Aro,5.85,0.7954963203,0.081,1.672,0.4757753112
Aro,5.85,0.7954963203,0.081,1.645,0.4835843892
Aro,5.85,0.7954963203,0.081,1.676,0.4746398092
Esfera,5.85,0.7954963203,0.081,1.389,0.5727115337
Esfera,5.85,0.7954963203,0.081,1.398,0.5690245496
Esfera,5.85,0.7954963203,0.081,1.404,0.5665928207
Esfera,5.85,0.7954963203,0.081,1.401,0.5678060816
Esfera,5.85,0.7954963203,0.081,1.418,0.5609988154
Esfera,5.85,0.7954963203,0.081,1.396,0.569839771
Esfera,5.85,0.7954963203,0.081,1.381,0.5760291964
Esfera,5.85,0.7954963203,0.081,1.389,0.5727115337
Esfera,5.85,0.7954963203,0.081,1.384,0.5747805782
Esfera,5.85,0.7954963203,0.081,1.403,0.5669966645
Cilindro,5.85,0.7954963203,0.081,1.471,0.5407860777
Cilindro,5.85,0.7954963203,0.081,1.469,0.5415223419
Cilindro,5.85,0.7954963203,0.081,1.485,0.5356877578
Cilindro,5.85,0.7954963203,0.081,1.499,0.53068467
Cilindro,5.85,0.7954963203,0.081,1.505,0.5285689836
Cilindro,5.85,0.7954963203,0.081,1.507,0.5278674985
Cilindro,5.85,0.7954963203,0.081,1.515,0.5250800794
Cilindro,5.85,0.7954963203,0.081,1.510,0.5268187552
Cilindro,5.85,0.7954963203,0.081,1.477,0.5385892487
Cilindro,5.85,0.7954963203,0.081,1.499,0.53068467
Aro,5.85,0.7071078403,0.072,1.601,0.4416663587
Aro,5.85,0.7071078403,0.072,1.579,0.4478200382
Aro,5.85,0.7071078403,0.072,1.594,0.4436059224
Aro,5.85,0.7071078403,0.072,1.607,0.4400173244
Aro,5.85,0.7071078403,0.072,1.559,0.4535650034
Aro,5.85,0.7071078403,0.072,1.547,0.4570832839
Aro,5.85,0.7071078403,0.072,1.600,0.4419424002
Aro,5.85,0.7071078403,0.072,1.566,0.4515375736
Aro,5.85,0.7071078403,0.072,1.591,0.4444423886
Aro,5.85,0.7071078403,0.072,1.588,0.4452820153
Esfera,5.85,0.7071078403,0.072,1.311,0.5393652481
Esfera,5.85,0.7071078403,0.072,1.315,0.5377245934
Esfera,5.85,0.7071078403,0.072,1.312,0.5389541465
Esfera,5.85,0.7071078403,0.072,1.307,0.5410159451
Esfera,5.85,0.7071078403,0.072,1.312,0.5389541465
Esfera,5.85,0.7071078403,0.072,1.316,0.537315988
Esfera,5.85,0.7071078403,0.072,1.365,0.5180277218
Esfera,5.85,0.7071078403,0.072,1.333,0.5304634961
Esfera,5.85,0.7071078403,0.072,1.306,0.5414301993
Esfera,5.85,0.7071078403,0.072,1.370,0.5161371097
Cilindro,5.85,0.7071078403,0.072,1.360,0.5199322355
Cilindro,5.85,0.7071078403,0.072,1.346,0.5253401488
Cilindro,5.85,0.7071078403,0.072,1.349,0.5241718608
Cilindro,5.85,0.7071078403,0.072,1.382,0.5116554561
Cilindro,5.85,0.7071078403,0.072,1.397,0.5061616609
Cilindro,5.85,0.7071078403,0.072,1.377,0.513513319
Cilindro,5.85,0.7071078403,0.072,1.396,0.5065242409
Cilindro,5.85,0.7071078403,0.072,1.391,0.5083449606
Cilindro,5.85,0.7071078403,0.072,1.346,0.5253401488
Cilindro,5.85,0.7071078403,0.072,1.346,0.5253401488
Aro,5.85,0.6481821869,0.066,1.489,0.4353137588
Aro,5.85,0.6481821869,0.066,1.494,0.4338568855
Aro,5.85,0.6481821869,0.066,1.472,0.4403411596
Aro,5.85,0.6481821869,0.066,1.493,0.4341474795
Aro,5.85,0.6481821869,0.066,1.488,0.4356063084
Aro,5.85,0.6481821869,0.066,1.484,0.4367804494
Aro,5.85,0.6481821869,0.066,1.483,0.4370749743
Aro,5.85,0.6481821869,0.066,1.482,0.4373698967
Aro,5.85,0.6481821869,0.066,1.475,0.4394455504
Aro,5.85,0.6481821869,0.066,1.496,0.4332768629
Esfera,5.85,0.6481821869,0.066,1.264,0.5128023631
Esfera,5.85,0.6481821869,0.066,1.248,0.5193767523
Esfera,5.85,0.6481821869,0.066,1.261,0.5140223528
Esfera,5.85,0.6481821869,0.066,1.251,0.5181312445
Esfera,5.85,0.6481821869,0.066,1.279,0.5067882619
Esfera,5.85,0.6481821869,0.066,1.270,0.5103796747
Esfera,5.85,0.6481821869,0.066,1.259,0.5148389094
Esfera,5.85,0.6481821869,0.066,1.261,0.5140223528
Esfera,5.85,0.6481821869,0.066,1.273,0.5091768947
Esfera,5.85,0.6481821869,0.066,1.264,0.5128023631
Cilindro,5.85,0.6481821869,0.066,1.313,0.4936650319
Cilindro,5.85,0.6481821869,0.066,1.350,0.4801349533
Cilindro,5.85,0.6481821869,0.066,1.338,0.4844410963
Cilindro,5.85,0.6481821869,0.066,1.307,0.495931283
Cilindro,5.85,0.6481821869,0.066,1.325,0.4891941033
Cilindro,5.85,0.6481821869,0.066,1.347,0.4812042961
Cilindro,5.85,0.6481821869,0.066,1.300,0.4986016822
Cilindro,5.85,0.6481821869,0.066,1.316,0.4925396557
Cilindro,5.85,0.6481821869,0.066,1.337,0.4848034307
Cilindro,5.85,0.6481821869,0.066,1.301,0.4982184373
Aro,5.85,0.8446010314,0.086,1.743,0.4845674305
Aro,5.85,0.8446010314,0.086,1.742,0.4848455978
Aro,5.85,0.8446010314,0.086,1.751,0.4823535302
Aro,5.85,0.8446010314,0.086,1.731,0.4879266502
Aro,5.85,0.8446010314,0.086,1.737,0.4862412386
Aro,5.85,0.8446010314,0.086,1.762,0.4793422426
Aro,5.85,0.8446010314,0.086,1.724,0.4899077909
Aro,5.85,0.8446010314,0.086,1.727,0.489056764
Aro,5.85,0.8446010314,0.086,1.737,0.4862412386
Aro,5.85,0.8446010314,0.086,1.746,0.4837348405
Esfera,5.85,0.8446010314,0.086,1.472,0.5737778746
Esfera,5.85,0.8446010314,0.086,1.480,0.5706763726
Esfera,5.85,0.8446010314,0.086,1.463,0.5773076086
Esfera,5.85,0.8446010314,0.086,1.444,0.5849037614
Esfera,5.85,0.8446010314,0.086,1.464,0.5769132728
Esfera,5.85,0.8446010314,0.086,1.467,0.5757334911
Esfera,5.85,0.8446010314,0.086,1.453,0.58128082
Esfera,5.85,0.8446010314,0.086,1.452,0.5816811511
Esfera,5.85,0.8446010314,0.086,1.477,0.5718354986
Esfera,5.85,0.8446010314,0.086,1.465,0.5765194754
Cilindro,5.85,0.8446010314,0.086,1.553,0.5438512759
Cilindro,5.85,0.8446010314,0.086,1.577,0.5355745285
Cilindro,5.85,0.8446010314,0.086,1.578,0.5352351276
Cilindro,5.85,0.8446010314,0.086,1.529,0.5523878557
Cilindro,5.85,0.8446010314,0.086,1.569,0.53830531
Cilindro,5.85,0.8446010314,0.086,1.557,0.5424540985
Cilindro,5.85,0.8446010314,0.086,1.554,0.5435013072
Cilindro,5.85,0.8446010314,0.086,1.568,0.538648617
Cilindro,5.85,0.8446010314,0.086,1.544,0.5470213934
Cilindro,5.85,0.8446010314,0.086,1.561,0.5410640816
Aro,10.6,0.6469271136,0.119,1.045,0.6190690083
Aro,10.6,0.6469271136,0.119,1.063,0.608586184
Aro,10.6,0.6469271136,0.119,1.053,0.61436573
Aro,10.6,0.6469271136,0.119,1.031,0.627475377
Aro,10.6,0.6469271136,0.119,1.043,0.6202561013
Aro,10.6,0.6469271136,0.119,1.015,0.6373666144
Aro,10.6,0.6469271136,0.119,1.059,0.6108849043
Aro,10.6,0.6469271136,0.119,1.021,0.6336210711
Aro,10.6,0.6469271136,0.119,1.044,0.6196619862
Aro,10.6,0.6469271136,0.119,1.074,0.6023529922
esfera,10.6,0.6469271136,0.119,0.946,0.6838552998
esfera,10.6,0.6469271136,0.119,0.93,0.6956205523
esfera,10.6,0.6469271136,0.119,0.892,0.7252546117
esfera,10.6,0.6469271136,0.119,0.901,0.718010115
esfera,10.6,0.6469271136,0.119,0.925,0.6993806634
esfera,10.6,0.6469271136,0.119,0.946,0.6838552998
esfera,10.6,0.6469271136,0.119,0.887,0.7293428564
esfera,10.6,0.6469271136,0.119,0.937,0.6904238139
esfera,10.6,0.6469271136,0.119,0.899,0.7196074679
esfera,10.6,0.6469271136,0.119,0.936,0.6911614462
cilindro,10.6,0.6469271136,0.119,0.942,0.686759144
cilindro,10.6,0.6469271136,0.119,0.968,0.6683131339
cilindro,10.6,0.6469271136,0.119,0.996,0.6495252145
cilindro,10.6,0.6469271136,0.119,0.968,0.6683131339
cilindro,10.6,0.6469271136,0.119,0.949,0.6816934812
cilindro,10.6,0.6469271136,0.119,0.941,0.6874889624
cilindro,10.6,0.6469271136,0.119,0.934,0.6926414493
cilindro,10.6,0.6469271136,0.119,0.946,0.6838552998
cilindro,10.6,0.6469271136,0.119,0.927,0.6978717515
cilindro,10.6,0.6469271136,0.119,0.94,0.6882203337
Aro,10.6,0.6034362152,0.111,1.018,0.5927664197
Aro,10.6,0.6034362152,0.111,1.007,0.5992415246
Aro,10.6,0.6034362152,0.111,1.014,0.5951047488
Aro,10.6,0.6034362152,0.111,1.005,0.600434045
Aro,10.6,0.6034362152,0.111,0.985,0.6126255992
Aro,10.6,0.6034362152,0.111,0.995,0.606468558
Aro,10.6,0.6034362152,0.111,1.013,0.5956922164
Aro,10.6,0.6034362152,0.111,0.991,0.6089164634
Aro,10.6,0.6034362152,0.111,1.007,0.5992415246
Aro,10.6,0.6034362152,0.111,1.008,0.5986470389
esfera,10.6,0.6034362152,0.111,0.859,0.7024868629
esfera,10.6,0.6034362152,0.111,0.878,0.6872849832
esfera,10.6,0.6034362152,0.111,0.889,0.6787808945
esfera,10.6,0.6034362152,0.111,0.885,0.6818488308
esfera,10.6,0.6034362152,0.111,0.865,0.6976141217
esfera,10.6,0.6034362152,0.111,0.892,0.6764979992
esfera,10.6,0.6034362152,0.111,0.887,0.6803114039
esfera,10.6,0.6034362152,0.111,0.877,0.6880686605
esfera,10.6,0.6034362152,0.111,0.895,0.6742304081
esfera,10.6,0.6034362152,0.111,0.846,0.7132815783
cilindro,10.6,0.6034362152,0.111,0.887,0.6803114039
cilindro,10.6,0.6034362152,0.111,0.89,0.6780182194
cilindro,10.6,0.6034362152,0.111,0.891,0.6772572562
cilindro,10.6,0.6034362152,0.111,0.907,0.6653100499
cilindro,10.6,0.6034362152,0.111,0.884,0.682620153
cilindro,10.6,0.6034362152,0.111,0.889,0.6787808945
cilindro,10.6,0.6034362152,0.111,0.886,0.6810792497
cilindro,10.6,0.6034362152,0.111,0.884,0.682620153
cilindro,10.6,0.6034362152,0.111,0.901,0.6697405275
cilindro,10.6,0.6034362152,0.111,0.901,0.6697405275
Aro,10.6,0.5762544037,0.106,0.993,0.5803166201
Aro,10.6,0.5762544037,0.106,0.973,0.5922450193
Aro,10.6,0.5762544037,0.106,1.018,0.5660652296
Aro,10.6,0.5762544037,0.106,1,0.5762544037
Aro,10.6,0.5762544037,0.106,0.978,0.5892171817
Aro,10.6,0.5762544037,0.106,0.974,0.5916369648
Aro,10.6,0.5762544037,0.106,0.995,0.5791501545
Aro,10.6,0.5762544037,0.106,0.991,0.5814877939
Aro,10.6,0.5762544037,0.106,0.979,0.5886153256
Aro,10.6,0.5762544037,0.106,0.992,0.5809016167
esfera,10.6,0.5762544037,0.106,0.85,0.6779463574
esfera,10.6,0.5762544037,0.106,0.868,0.6638875619
esfera,10.6,0.5762544037,0.106,0.838,0.6876544197
esfera,10.6,0.5762544037,0.106,0.872,0.6608422061
esfera,10.6,0.5762544037,0.106,0.822,0.7010394206
esfera,10.6,0.5762544037,0.106,0.835,0.6901250344
esfera,10.6,0.5762544037,0.106,0.866,0.6654207895
esfera,10.6,0.5762544037,0.106,0.853,0.6755620208
esfera,10.6,0.5762544037,0.106,0.827,0.6968009719
esfera,10.6,0.5762544037,0.106,0.84,0.6860171473
cilindro,10.6,0.5762544037,0.106,0.865,0.6661900621
cilindro,10.6,0.5762544037,0.106,0.862,0.668508589
cilindro,10.6,0.5762544037,0.106,0.869,0.6631235946
cilindro,10.6,0.5762544037,0.106,0.874,0.6593299814
cilindro,10.6,0.5762544037,0.106,0.89,0.6474768581
cilindro,10.6,0.5762544037,0.106,0.867,0.6646532915
cilindro,10.6,0.5762544037,0.106,0.872,0.6608422061
cilindro,10.6,0.5762544037,0.106,0.886,0.6504000042
cilindro,10.6,0.5762544037,0.106,0.889,0.6482051786
cilindro,10.6,0.5762544037,0.106,0.855,0.6739817588
Aro,10.6,0.5490725923,0.101,0.938,0.5853652369
Aro,10.6,0.5490725923,0.101,0.956,0.5743437157
Aro,10.6,0.5490725923,0.101,0.936,0.5866160174
Aro,10.6,0.5490725923,0.101,0.942,0.5828796096
Aro,10.6,0.5490725923,0.101,0.934,0.5878721544
Aro,10.6,0.5490725923,0.101,0.94,0.584119779
Aro,10.6,0.5490725923,0.101,0.951,0.5773633988
Aro,10.6,0.5490725923,0.101,0.939,0.5847418448
Aro,10.6,0.5490725923,0.101,0.943,0.5822614976
Aro,10.6,0.5490725923,0.101,0.965,0.5689871422
esfera,10.6,0.5490725923,0.101,0.864,0.6355006855
esfera,10.6,0.5490725923,0.101,0.806,0.681231504
esfera,10.6,0.5490725923,0.101,0.846,0.6490219767
esfera,10.6,0.5490725923,0.101,0.864,0.6355006855
esfera,10.6,0.5490725923,0.101,0.836,0.6567853974
esfera,10.6,0.5490725923,0.101,0.856,0.6414399442
esfera,10.6,0.5490725923,0.101,0.815,0.6737087021
esfera,10.6,0.5490725923,0.101,0.818,0.6712378878
esfera,10.6,0.5490725923,0.101,0.803,0.6837765781
esfera,10.6,0.5490725923,0.101,0.857,0.6406914729
cilindro,10.6,0.5490725923,0.101,0.843,0.6513316634
cilindro,10.6,0.5490725923,0.101,0.837,0.6560007076
cilindro,10.6,0.5490725923,0.101,0.84,0.6536578479
cilindro,10.6,0.5490725923,0.101,0.844,0.6505599434
cilindro,10.6,0.5490725923,0.101,0.844,0.6505599434
cilindro,10.6,0.5490725923,0.101,0.848,0.6474912644
cilindro,10.6,0.5490725923,0.101,0.854,0.6429421455
cilindro,10.6,0.5490725923,0.101,0.851,0.6452086865
cilindro,10.6,0.5490725923,0.101,0.85,0.6459677556
cilindro,10.6,0.5490725923,0.101,0.851,0.6452086865
Aro,10.6,0.5218907808,0.096,0.89,0.5863941357
Aro,10.6,0.5218907808,0.096,0.9,0.5798786453
Aro,10.6,0.5218907808,0.096,0.9,0.5798786453
Aro,10.6,0.5218907808,0.096,0.896,0.5824673892
Aro,10.6,0.5218907808,0.096,0.896,0.5824673892
Aro,10.6,0.5218907808,0.096,0.88,0.5930577054
Aro,10.6,0.5218907808,0.096,0.898,0.5811701345
Aro,10.6,0.5218907808,0.096,0.908,0.5747695823
Aro,10.6,0.5218907808,0.096,0.884,0.5903741864
Aro,10.6,0.5218907808,0.096,0.883,0.5910427868
esfera,10.6,0.5218907808,0.096,0.751,0.6949278039
esfera,10.6,0.5218907808,0.096,0.804,0.6491178865
esfera,10.6,0.5218907808,0.096,0.805,0.6483115289
esfera,10.6,0.5218907808,0.096,0.797,0.6548190474
esfera,10.6,0.5218907808,0.096,0.774,0.6742774945
esfera,10.6,0.5218907808,0.096,0.795,0.6564663909
esfera,10.6,0.5218907808,0.096,0.778,0.6708107722
esfera,10.6,0.5218907808,0.096,0.771,0.6769011424
esfera,10.6,0.5218907808,0.096,0.766,0.6813195571
esfera,10.6,0.5218907808,0.096,0.745,0.7005245379
cilindro,10.6,0.5218907808,0.096,0.798,0.6539984721
cilindro,10.6,0.5218907808,0.096,0.782,0.667379515
cilindro,10.6,0.5218907808,0.096,0.778,0.6708107722
cilindro,10.6,0.5218907808,0.096,0.769,0.6786616135
cilindro,10.6,0.5218907808,0.096,0.782,0.667379515
cilindro,10.6,0.5218907808,0.096,0.783,0.6665271785
cilindro,10.6,0.5218907808,0.096,0.775,0.673407459
cilindro,10.6,0.5218907808,0.096,0.766,0.6813195571
cilindro,10.6,0.5218907808,0.096,0.784,0.6656770163
cilindro,10.6,0.5218907808,0.096,0.774,0.6742774945
Aro,08.04,0.6521281987,0.091,1.142,0.5710404542
Aro,08.04,0.6521281987,0.091,1.151,0.5665753247
Aro,08.04,0.6521281987,0.091,1.146,0.5690472938
Aro,08.04,0.6521281987,0.091,1.143,0.5705408563
Aro,08.04,0.6521281987,0.091,1.134,0.5750689583
Aro,08.04,0.6521281987,0.091,1.118,0.5832989255
Aro,08.04,0.6521281987,0.091,1.146,0.5690472938
Aro,08.04,0.6521281987,0.091,1.127,0.5786408152
Aro,08.04,0.6521281987,0.091,1.127,0.5786408152
Aro,08.04,0.6521281987,0.091,1.111,0.5869740763
esfera,08.04,0.6521281987,0.091,0.983,0.6634061025
esfera,08.04,0.6521281987,0.091,0.978,0.6667977492
esfera,08.04,0.6521281987,0.091,0.98,0.6654369375
esfera,08.04,0.6521281987,0.091,0.992,0.6573872971
esfera,08.04,0.6521281987,0.091,0.974,0.6695361383
esfera,08.04,0.6521281987,0.091,1.005,0.6488837798
esfera,08.04,0.6521281987,0.091,0.962,0.6778879405
esfera,08.04,0.6521281987,0.091,1.003,0.6501776657
esfera,08.04,0.6521281987,0.091,0.938,0.6952326213
esfera,08.04,0.6521281987,0.091,0.988,0.6600487842
cilindro,08.04,0.6521281987,0.091,1.018,0.6405974447
cilindro,08.04,0.6521281987,0.091,1.031,0.6325200764
cilindro,08.04,0.6521281987,0.091,1.027,0.6349836405
cilindro,08.04,0.6521281987,0.091,0.978,0.6667977492
cilindro,08.04,0.6521281987,0.091,1.004,0.6495300784
cilindro,08.04,0.6521281987,0.091,0.988,0.6600487842
cilindro,08.04,0.6521281987,0.091,0.985,0.662059085
cilindro,08.04,0.6521281987,0.091,1.004,0.6495300784
cilindro,08.04,0.6521281987,0.091,0.999,0.6527809797
cilindro,08.04,0.6521281987,0.091,1.036,0.6294673733
Aro,08.04,0.6951256624,0.097,1.163,0.5977004836
Aro,08.04,0.6951256624,0.097,1.159,0.599763298
Aro,08.04,0.6951256624,0.097,1.17,0.5941244978
Aro,08.04,0.6951256624,0.097,1.152,0.6034076931
Aro,08.04,0.6951256624,0.097,1.168,0.5951418342
Aro,08.04,0.6951256624,0.097,1.161,0.598730114
Aro,08.04,0.6951256624,0.097,1.172,0.5931106334
Aro,08.04,0.6951256624,0.097,1.164,0.5971869952
Aro,08.04,0.6951256624,0.097,1.161,0.598730114
Aro,08.04,0.6951256624,0.097,1.144,0.6076273273
esfera,08.04,0.6951256624,0.097,1.005,0.6916673258
esfera,08.04,0.6951256624,0.097,0.974,0.7136813782
esfera,08.04,0.6951256624,0.097,0.999,0.6958214839
esfera,08.04,0.6951256624,0.097,0.993,0.7000258433
esfera,08.04,0.6951256624,0.097,1,0.6951256624
esfera,08.04,0.6951256624,0.097,0.98,0.7093119004
esfera,08.04,0.6951256624,0.097,0.984,0.7064285187
esfera,08.04,0.6951256624,0.097,0.968,0.7181050231
esfera,08.04,0.6951256624,0.097,0.986,0.7049956008
esfera,08.04,0.6951256624,0.097,0.999,0.6958214839
cilindro,08.04,0.6951256624,0.097,1.048,0.6632878458
cilindro,08.04,0.6951256624,0.097,01.09,0.6377299655
cilindro,08.04,0.6951256624,0.097,1.023,0.6794972262
cilindro,08.04,0.6951256624,0.097,1.042,0.6671071616
cilindro,08.04,0.6951256624,0.097,1.041,0.6677479946
cilindro,08.04,0.6951256624,0.097,1.027,0.6768506937
cilindro,08.04,0.6951256624,0.097,1.058,0.6570185845
cilindro,08.04,0.6951256624,0.097,01.06,0.6557789268
cilindro,08.04,0.6951256624,0.097,1.039,0.6690333613
cilindro,08.04,0.6951256624,0.097,1.044,0.6658291785
Aro,08.04,0.7237906382,0.101,1.189,0.6087389724
Aro,08.04,0.7237906382,0.101,1.192,0.6072069112
Aro,08.04,0.7237906382,0.101,1.204,0.6011550151
Aro,08.04,0.7237906382,0.101,1.189,0.6087389724
Aro,08.04,0.7237906382,0.101,1.187,0.6097646488
Aro,08.04,0.7237906382,0.101,1.205,0.6006561313
Aro,08.04,0.7237906382,0.101,1.205,0.6006561313
Aro,08.04,0.7237906382,0.101,1.197,0.6046705415
Aro,08.04,0.7237906382,0.101,1.204,0.6011550151
Aro,08.04,0.7237906382,0.101,1.208,0.5991644356
esfera,08.04,0.7237906382,0.101,1.077,0.6720433038
esfera,08.04,0.7237906382,0.101,1.052,0.6880139146
esfera,08.04,0.7237906382,0.101,1.066,0.6789780846
esfera,08.04,0.7237906382,0.101,01.09,0.6640281084
esfera,08.04,0.7237906382,0.101,1.064,0.6802543592
esfera,08.04,0.7237906382,0.101,1.055,0.6860574769
esfera,08.04,0.7237906382,0.101,1.073,0.674548591
esfera,08.04,0.7237906382,0.101,1.036,0.6986396121
esfera,08.04,0.7237906382,0.101,1.051,0.6886685425
esfera,08.04,0.7237906382,0.101,1.015,0.7130942248
cilindro,08.04,0.7237906382,0.101,01.03,0.7027093574
cilindro,08.04,0.7237906382,0.101,01.07,0.6764398488
cilindro,08.04,0.7237906382,0.101,1.085,0.6670881458
cilindro,08.04,0.7237906382,0.101,1.057,0.6847593549
cilindro,08.04,0.7237906382,0.101,1.062,0.6815354408
cilindro,08.04,0.7237906382,0.101,1.075,0.6732936169
cilindro,08.04,0.7237906382,0.101,1.069,0.6770726269
cilindro,08.04,0.7237906382,0.101,1.065,0.6796156227
cilindro,08.04,0.7237906382,0.101,1.083,0.6683200722
cilindro,08.04,0.7237906382,0.101,1.088,0.6652487483
Aro,08.04,0.7524556139,0.105,1.232,0.6107594269
Aro,08.04,0.7524556139,0.105,1.232,0.6107594269
Aro,08.04,0.7524556139,0.105,1.277,0.5892369725
Aro,08.04,0.7524556139,0.105,1.251,0.6014833045
Aro,08.04,0.7524556139,0.105,1.223,0.6152539771
Aro,08.04,0.7524556139,0.105,1.236,0.6087828592
Aro,08.04,0.7524556139,0.105,1.264,0.5952971629
Aro,08.04,0.7524556139,0.105,1.254,0.6000443492
Aro,08.04,0.7524556139,0.105,1.224,0.6147513186
Aro,08.04,0.7524556139,0.105,1.274,0.5906245007
esfera,08.04,0.7524556139,0.105,1.091,0.689693505
esfera,08.04,0.7524556139,0.105,1.096,0.686547093
esfera,08.04,0.7524556139,0.105,1.119,0.6724357587
esfera,08.04,0.7524556139,0.105,1.125,0.6688494346
esfera,08.04,0.7524556139,0.105,1.051,0.7159425442
esfera,08.04,0.7524556139,0.105,1.102,0.6828090871
esfera,08.04,0.7524556139,0.105,1.1,0.6840505581
esfera,08.04,0.7524556139,0.105,1.096,0.686547093
esfera,08.04,0.7524556139,0.105,1.106,0.6803396148
esfera,08.04,0.7524556139,0.105,1.121,0.6712360517
cilindro,08.04,0.7524556139,0.105,1.096,0.686547093
cilindro,08.04,0.7524556139,0.105,1.096,0.686547093
cilindro,08.04,0.7524556139,0.105,1.094,0.6878022065
cilindro,08.04,0.7524556139,0.105,1.095,0.6871740767
cilindro,08.04,0.7524556139,0.105,1.111,0.6772777803
cilindro,08.04,0.7524556139,0.105,1.1,0.6840505581
cilindro,08.04,0.7524556139,0.105,1.108,0.6791115649
cilindro,08.04,0.7524556139,0.105,1.076,0.6993081914
cilindro,08.04,0.7524556139,0.105,1.099,0.6846729881
cilindro,08.04,0.7524556139,0.105,1.099,0.6846729881
Aro,08.04,0.7954530776,0.111,1.297,0.6133022958
Aro,08.04,0.7954530776,0.111,1.305,0.6095425882
Aro,08.04,0.7954530776,0.111,1.274,0.6243744722
Aro,08.04,0.7954530776,0.111,1.293,0.615199596
Aro,08.04,0.7954530776,0.111,1.301,0.6114166623
Aro,08.04,0.7954530776,0.111,1.209,0.6579429922
Aro,08.04,0.7954530776,0.111,1.301,0.6114166623
Aro,08.04,0.7954530776,0.111,1.302,0.6109470642
Aro,08.04,0.7954530776,0.111,1.276,0.6233958288
Aro,08.04,0.7954530776,0.111,1.31,0.6072160898
esfera,08.04,0.7954530776,0.111,1.133,0.7020768558
esfera,08.04,0.7954530776,0.111,1.178,0.6752572815
esfera,08.04,0.7954530776,0.111,1.119,0.7108606591
esfera,08.04,0.7954530776,0.111,1.114,0.7140512366
esfera,08.04,0.7954530776,0.111,1.174,0.6775579877
esfera,08.04,0.7954530776,0.111,1.124,0.7076984676
esfera,08.04,0.7954530776,0.111,1.108,0.7179179401
esfera,08.04,0.7954530776,0.111,1.149,0.6923003286
esfera,08.04,0.7954530776,0.111,1.18,0.6741127776
esfera,08.04,0.7954530776,0.111,1.12,0.7102259621
cilindro,08.04,0.7954530776,0.111,1.147,0.6935074783
cilindro,08.04,0.7954530776,0.111,1.156,0.6881081986
cilindro,08.04,0.7954530776,0.111,1.144,0.6953261168
cilindro,08.04,0.7954530776,0.111,1.166,0.6822067561
cilindro,08.04,0.7954530776,0.111,1.152,0.6904974632
cilindro,08.04,0.7954530776,0.111,1.146,0.6941126331
cilindro,08.04,0.7954530776,0.111,1.16,0.6857354117
cilindro,08.04,0.7954530776,0.111,1.147,0.6935074783
cilindro,08.04,0.7954530776,0.111,1.195,0.665651111
cilindro,08.04,0.7954530776,0.111,1.136,0.7002227796
Aro,9.43,0.5905547849,0.097,1.015,0.5818273743
Aro,9.43,0.5905547849,0.097,1.048,0.5635064742
Aro,9.43,0.5905547849,0.097,0.982,0.601379618
Aro,9.43,0.5905547849,0.097,0.999,0.5911459308
Aro,9.43,0.5905547849,0.097,1.017,0.580683171
Aro,9.43,0.5905547849,0.097,1.043,0.5662078475
Aro,9.43,0.5905547849,0.097,0.984,0.6001573017
Aro,9.43,0.5905547849,0.097,1.005,0.5876167014
Aro,9.43,0.5905547849,0.097,1.011,0.5841293619
Aro,9.43,0.5905547849,0.097,1.017,0.580683171
esfera,9.43,0.5905547849,0.097,0.855,0.6907073508
esfera,9.43,0.5905547849,0.097,0.906,0.6518264734
esfera,9.43,0.5905547849,0.097,0.872,0.6772417258
esfera,9.43,0.5905547849,0.097,0.875,0.6749197542
esfera,9.43,0.5905547849,0.097,0.893,0.6613155486
esfera,9.43,0.5905547849,0.097,0.866,0.6819339318
esfera,9.43,0.5905547849,0.097,0.86,0.6866916104
esfera,9.43,0.5905547849,0.097,0.93,0.6350051451
esfera,9.43,0.5905547849,0.097,0.97,0.6088193659
esfera,9.43,0.5905547849,0.097,0.89,0.6635447022
cilindro,9.43,0.5905547849,0.097,0.906,0.6518264734
cilindro,9.43,0.5905547849,0.097,0.911,0.6482489406
cilindro,9.43,0.5905547849,0.097,0.902,0.6547170564
cilindro,9.43,0.5905547849,0.097,0.898,0.6576333908
cilindro,9.43,0.5905547849,0.097,0.909,0.6496752309
cilindro,9.43,0.5905547849,0.097,0.924,0.6391285551
cilindro,9.43,0.5905547849,0.097,0.904,0.6532685674
cilindro,9.43,0.5905547849,0.097,0.904,0.6532685674
cilindro,9.43,0.5905547849,0.097,0.924,0.6391285551
cilindro,9.43,0.5905547849,0.097,0.907,0.6511078114
Aro,9.43,0.554025623,0.091,0.986,0.5618921125
Aro,9.43,0.554025623,0.091,0.983,0.563606941
Aro,9.43,0.554025623,0.091,0.967,0.5729323919
Aro,9.43,0.554025623,0.091,0.985,0.5624625614
Aro,9.43,0.554025623,0.091,0.975,0.5682314082
Aro,9.43,0.554025623,0.091,0.986,0.5618921125
Aro,9.43,0.554025623,0.091,0.968,0.5723405196
Aro,9.43,0.554025623,0.091,0.977,0.5670681914
Aro,9.43,0.554025623,0.091,0.968,0.5723405196
Aro,9.43,0.554025623,0.091,0.992,0.5584935715
esfera,9.43,0.554025623,0.091,0.876,0.6324493413
esfera,9.43,0.554025623,0.091,0.831,0.6666975006
esfera,9.43,0.554025623,0.091,0.841,0.658770063
esfera,9.43,0.554025623,0.091,0.86,0.6442158407
esfera,9.43,0.554025623,0.091,0.859,0.6449658009
esfera,9.43,0.554025623,0.091,0.845,0.6556516248
esfera,9.43,0.554025623,0.091,0.836,0.6627100753
esfera,9.43,0.554025623,0.091,0.857,0.646470972
esfera,9.43,0.554025623,0.091,0.821,0.6748180548
esfera,9.43,0.554025623,0.091,0.798,0.6942676979
cilindro,9.43,0.554025623,0.091,0.856,0.647226195
cilindro,9.43,0.554025623,0.091,0.848,0.6533321025
cilindro,9.43,0.554025623,0.091,0.847,0.654103451
cilindro,9.43,0.554025623,0.091,0.846,0.6548766229
cilindro,9.43,0.554025623,0.091,0.843,0.6572071447
cilindro,9.43,0.554025623,0.091,0.822,0.6739971082
cilindro,9.43,0.554025623,0.091,0.848,0.6533321025
cilindro,9.43,0.554025623,0.091,0.827,0.6699221559
cilindro,9.43,0.554025623,0.091,0.859,0.6449658009
cilindro,9.43,0.554025623,0.091,0.842,0.6579876757
Aro,9.43,0.5235846547,0.086,0.896,0.5843578735
Aro,9.43,0.5235846547,0.086,0.936,0.5593853148
Aro,9.43,0.5235846547,0.086,0.965,0.5425747717
Aro,9.43,0.5235846547,0.086,0.937,0.5587883187
Aro,9.43,0.5235846547,0.086,0.934,0.560583142
Aro,9.43,0.5235846547,0.086,0.954,0.5488308749
Aro,9.43,0.5235846547,0.086,0.957,0.547110402
Aro,9.43,0.5235846547,0.086,0.94,0.5570049518
Aro,9.43,0.5235846547,0.086,0.96,0.5454006819
Aro,9.43,0.5235846547,0.086,0.965,0.5425747717
esfera,9.43,0.5235846547,0.086,0.789,0.6636053925
esfera,9.43,0.5235846547,0.086,0.784,0.6678375697
esfera,9.43,0.5235846547,0.086,0.803,0.6520356845
esfera,9.43,0.5235846547,0.086,0.786,0.6661382375
esfera,9.43,0.5235846547,0.086,0.786,0.6661382375
esfera,9.43,0.5235846547,0.086,0.812,0.644808688
esfera,9.43,0.5235846547,0.086,0.788,0.6644475313
esfera,9.43,0.5235846547,0.086,0.829,0.6315858319
esfera,9.43,0.5235846547,0.086,0.829,0.6315858319
esfera,9.43,0.5235846547,0.086,0.819,0.6392975026
cilindro,9.43,0.5235846547,0.086,0.842,0.6218345067
cilindro,9.43,0.5235846547,0.086,0.861,0.6081122586
cilindro,9.43,0.5235846547,0.086,0.845,0.6196268103
cilindro,9.43,0.5235846547,0.086,0.855,0.6123797131
cilindro,9.43,0.5235846547,0.086,0.854,0.6130967853
cilindro,9.43,0.5235846547,0.086,0.855,0.6123797131
cilindro,9.43,0.5235846547,0.086,0.852,0.6145359797
cilindro,9.43,0.5235846547,0.086,0.857,0.6109505889
cilindro,9.43,0.5235846547,0.086,0.852,0.6145359797
cilindro,9.43,0.5235846547,0.086,0.853,0.6138155389
Aro,9.43,0.4931436864,0.081,0.921,0.535443742
Aro,9.43,0.4931436864,0.081,0.906,0.5443087046
Aro,9.43,0.4931436864,0.081,0.92,0.5360257461
Aro,9.43,0.4931436864,0.081,0.904,0.5455129274
Aro,9.43,0.4931436864,0.081,0.937,0.5263006258
Aro,9.43,0.4931436864,0.081,0.914,0.5395445146
Aro,9.43,0.4931436864,0.081,0.927,0.5319780867
Aro,9.43,0.4931436864,0.081,0.924,0.5337052883
Aro,9.43,0.4931436864,0.081,0.931,0.5296924666
Aro,9.43,0.4931436864,0.081,0.915,0.5389548485
esfera,9.43,0.4931436864,0.081,0.753,0.654905294
esfera,9.43,0.4931436864,0.081,0.793,0.621870979
esfera,9.43,0.4931436864,0.081,0.747,0.6601655775
esfera,9.43,0.4931436864,0.081,0.804,0.613362794
esfera,9.43,0.4931436864,0.081,0.808,0.6103263445
esfera,9.43,0.4931436864,0.081,0.784,0.629009804
esfera,9.43,0.4931436864,0.081,0.826,0.5970262547
esfera,9.43,0.4931436864,0.081,0.778,0.6338607794
esfera,9.43,0.4931436864,0.081,0.824,0.5984753475
esfera,9.43,0.4931436864,0.081,0.78,0.6322354953
cilindro,9.43,0.4931436864,0.081,0.806,0.611840802
cilindro,9.43,0.4931436864,0.081,0.819,0.6021290432
cilindro,9.43,0.4931436864,0.081,0.784,0.629009804
cilindro,9.43,0.4931436864,0.081,0.794,0.6210877662
cilindro,9.43,0.4931436864,0.081,0.819,0.6021290432
cilindro,9.43,0.4931436864,0.081,0.803,0.6141266331
cilindro,9.43,0.4931436864,0.081,0.806,0.611840802
cilindro,9.43,0.4931436864,0.081,0.802,0.614892377
cilindro,9.43,0.4931436864,0.081,0.796,0.6195272442
cilindro,9.43,0.4931436864,0.081,0.808,0.6103263445
Aro,9.43,0.4627027181,0.076,0.886,0.5222378308
Aro,9.43,0.4627027181,0.076,0.892,0.5187250203
Aro,9.43,0.4627027181,0.076,0.879,0.5263967214
Aro,9.43,0.4627027181,0.076,0.865,0.5349164371
Aro,9.43,0.4627027181,0.076,0.867,0.5336824891
Aro,9.43,0.4627027181,0.076,0.917,0.5045831168
Aro,9.43,0.4627027181,0.076,0.897,0.5158335765
Aro,9.43,0.4627027181,0.076,0.9,0.5141141312
Aro,9.43,0.4627027181,0.076,0.887,0.5216490621
Aro,9.43,0.4627027181,0.076,0.894,0.5175645616
esfera,9.43,0.4627027181,0.076,0.777,0.5954989937
esfera,9.43,0.4627027181,0.076,0.766,0.6040505458
esfera,9.43,0.4627027181,0.076,0.744,0.6219122555
esfera,9.43,0.4627027181,0.076,0.766,0.6040505458
esfera,9.43,0.4627027181,0.076,0.767,0.6032629962
esfera,9.43,0.4627027181,0.076,0.755,0.6128512822
esfera,9.43,0.4627027181,0.076,0.797,0.5805554807
esfera,9.43,0.4627027181,0.076,0.75,0.6169369574
esfera,9.43,0.4627027181,0.076,0.713,0.6489519188
esfera,9.43,0.4627027181,0.076,0.73,0.6338393398
cilindro,9.43,0.4627027181,0.076,0.762,0.6072214148
cilindro,9.43,0.4627027181,0.076,0.772,0.5993558524
cilindro,9.43,0.4627027181,0.076,0.776,0.5962663893
cilindro,9.43,0.4627027181,0.076,0.741,0.6244301189
cilindro,9.43,0.4627027181,0.076,0.747,0.6194146159
cilindro,9.43,0.4627027181,0.076,0.75,0.6169369574
cilindro,9.43,0.4627027181,0.076,0.774,0.5978071293
cilindro,9.43,0.4627027181,0.076,0.795,0.5820159976
cilindro,9.43,0.4627027181,0.076,0.796,0.5812848217
cilindro,9.43,0.4627027181,0.076,0.793,0.5834838816
Aro,7.52,0.7502355613,0.098,1.331,0.5636630814
Aro,7.52,0.7502355613,0.098,1.33,0.5640868882
Aro,7.52,0.7502355613,0.098,1.323,0.5670714749
Aro,7.52,0.7502355613,0.098,1.341,0.5594597773
Aro,7.52,0.7502355613,0.098,1.342,0.5590428922
Aro,7.52,0.7502355613,0.098,1.336,0.5615535639
Aro,7.52,0.7502355613,0.098,1.33,0.5640868882
Aro,7.52,0.7502355613,0.098,1.334,0.5623954733
Aro,7.52,0.7502355613,0.098,1.337,0.5611335537
Aro,7.52,0.7502355613,0.098,1.33,0.5640868882
esfera,7.52,0.7502355613,0.098,1.125,0.6668760545
esfera,7.52,0.7502355613,0.098,1.127,0.665692601
esfera,7.52,0.7502355613,0.098,1.185,0.6331101784
esfera,7.52,0.7502355613,0.098,1.119,0.6704517975
esfera,7.52,0.7502355613,0.098,1.168,0.6423249669
esfera,7.52,0.7502355613,0.098,1.192,0.6293922495
esfera,7.52,0.7502355613,0.098,1.185,0.6331101784
esfera,7.52,0.7502355613,0.098,1.164,0.6445322692
esfera,7.52,0.7502355613,0.098,1.189,0.6309802871
esfera,7.52,0.7502355613,0.098,1.188,0.6315114153
cilindro,7.52,0.7502355613,0.098,1.181,0.6352544973
cilindro,7.52,0.7502355613,0.098,1.172,0.6401327315
cilindro,7.52,0.7502355613,0.098,1.2,0.6251963011
cilindro,7.52,0.7502355613,0.098,1.196,0.6272872587
cilindro,7.52,0.7502355613,0.098,1.175,0.6384983501
cilindro,7.52,0.7502355613,0.098,1.188,0.6315114153
cilindro,7.52,0.7502355613,0.098,1.185,0.6331101784
cilindro,7.52,0.7502355613,0.098,1.186,0.6325763586
cilindro,7.52,0.7502355613,0.098,1.189,0.6309802871
cilindro,7.52,0.7502355613,0.098,1.187,0.6320434384
Aro,7.52,0.7119582368,0.093,1.273,0.5592759126
Aro,7.52,0.7119582368,0.093,1.299,0.5480817835
Aro,7.52,0.7119582368,0.093,1.289,0.5523337756
Aro,7.52,0.7119582368,0.093,1.297,0.5489269366
Aro,7.52,0.7119582368,0.093,1.284,0.5544846081
Aro,7.52,0.7119582368,0.093,1.285,0.5540531026
Aro,7.52,0.7119582368,0.093,1.298,0.5485040345
Aro,7.52,0.7119582368,0.093,1.311,0.5430650166
Aro,7.52,0.7119582368,0.093,1.311,0.5430650166
Aro,7.52,0.7119582368,0.093,1.284,0.5544846081
esfera,7.52,0.7119582368,0.093,1.124,0.6334148014
esfera,7.52,0.7119582368,0.093,1.136,0.6267238
esfera,7.52,0.7119582368,0.093,01.08,0.6592205896
esfera,7.52,0.7119582368,0.093,1.086,0.6555784869
esfera,7.52,0.7119582368,0.093,1.079,0.6598315448
esfera,7.52,0.7119582368,0.093,1.079,0.6598315448
esfera,7.52,0.7119582368,0.093,1.147,0.6207133712
esfera,7.52,0.7119582368,0.093,1.091,0.6525740026
esfera,7.52,0.7119582368,0.093,1.094,0.6507844943
esfera,7.52,0.7119582368,0.093,1.141,0.6239774205
cilindro,7.52,0.7119582368,0.093,1.138,0.6256223522
cilindro,7.52,0.7119582368,0.093,1.136,0.6267238
cilindro,7.52,0.7119582368,0.093,1.146,0.6212550059
cilindro,7.52,0.7119582368,0.093,1.132,0.6289383717
cilindro,7.52,0.7119582368,0.093,1.147,0.6207133712
cilindro,7.52,0.7119582368,0.093,1.141,0.6239774205
cilindro,7.52,0.7119582368,0.093,1.135,0.6272759795
cilindro,7.52,0.7119582368,0.093,1.141,0.6239774205
cilindro,7.52,0.7119582368,0.093,1.148,0.6201726801
cilindro,7.52,0.7119582368,0.093,1.135,0.6272759795
Aro,7.52,0.6736809122,0.088,1.241,0.5428532734
Aro,7.52,0.6736809122,0.088,1.25,0.5389447298
Aro,7.52,0.6736809122,0.088,1.231,0.5472631294
Aro,7.52,0.6736809122,0.088,1.244,0.5415441417
Aro,7.52,0.6736809122,0.088,1.245,0.5411091665
Aro,7.52,0.6736809122,0.088,1.235,0.5454906172
Aro,7.52,0.6736809122,0.088,1.252,0.5380837957
Aro,7.52,0.6736809122,0.088,1.231,0.5472631294
Aro,7.52,0.6736809122,0.088,1.25,0.5389447298
Aro,7.52,0.6736809122,0.088,1.226,0.5494950344
esfera,7.52,0.6736809122,0.088,1.094,0.6157960806
esfera,7.52,0.6736809122,0.088,1.125,0.5988274775
esfera,7.52,0.6736809122,0.088,1.108,0.6080152637
esfera,7.52,0.6736809122,0.088,1.074,0.6272634192
esfera,7.52,0.6736809122,0.088,1.041,0.6471478504
esfera,7.52,0.6736809122,0.088,1.077,0.6255161673
esfera,7.52,0.6736809122,0.088,1.122,0.6004286205
esfera,7.52,0.6736809122,0.088,1.122,0.6004286205
esfera,7.52,0.6736809122,0.088,1.125,0.5988274775
esfera,7.52,0.6736809122,0.088,01.05,0.6416008688
cilindro,7.52,0.6736809122,0.088,1.096,0.6146723652
cilindro,7.52,0.6736809122,0.088,1.096,0.6146723652
cilindro,7.52,0.6736809122,0.088,1.11,0.6069197407
cilindro,7.52,0.6736809122,0.088,1.119,0.6020383487
cilindro,7.52,0.6736809122,0.088,1.13,0.5961777984
cilindro,7.52,0.6736809122,0.088,1.106,0.6091147489
cilindro,7.52,0.6736809122,0.088,1.109,0.6074670083
cilindro,7.52,0.6736809122,0.088,1.089,0.6186234272
cilindro,7.52,0.6736809122,0.088,1.093,0.6163594805
cilindro,7.52,0.6736809122,0.088,1.106,0.6091147489
Aro,7.52,0.6354035877,0.083,1.229,0.5170086149
Aro,7.52,0.6354035877,0.083,1.247,0.50954578
Aro,7.52,0.6354035877,0.083,1.234,0.5149137663
Aro,7.52,0.6354035877,0.083,1.232,0.5157496653
Aro,7.52,0.6354035877,0.083,1.209,0.5255612801
Aro,7.52,0.6354035877,0.083,1.233,0.5153313769
Aro,7.52,0.6354035877,0.083,1.225,0.5186968063
Aro,7.52,0.6354035877,0.083,1.236,0.5140805726
Aro,7.52,0.6354035877,0.083,1.226,0.5182737257
Aro,7.52,0.6354035877,0.083,1.219,0.5212498668
esfera,7.52,0.6354035877,0.083,1.077,0.589975476
esfera,7.52,0.6354035877,0.083,1.078,0.5894281889
esfera,7.52,0.6354035877,0.083,1.084,0.5861656713
esfera,7.52,0.6354035877,0.083,1.012,0.6278691578
esfera,7.52,0.6354035877,0.083,1.085,0.5856254264
esfera,7.52,0.6354035877,0.083,1.042,0.6097923106
esfera,7.52,0.6354035877,0.083,1.094,0.580807667
esfera,7.52,0.6354035877,0.083,1.023,0.6211178765
esfera,7.52,0.6354035877,0.083,1.035,0.6139165098
esfera,7.52,0.6354035877,0.083,1.059,0.6000033878
cilindro,7.52,0.6354035877,0.083,1.077,0.589975476
cilindro,7.52,0.6354035877,0.083,1.092,0.5818714173
cilindro,7.52,0.6354035877,0.083,1.063,0.597745614
cilindro,7.52,0.6354035877,0.083,1.083,0.5867069138
cilindro,7.52,0.6354035877,0.083,1.065,0.596623087
cilindro,7.52,0.6354035877,0.083,1.072,0.5927272273
cilindro,7.52,0.6354035877,0.083,1.068,0.5949471795
cilindro,7.52,0.6354035877,0.083,1.072,0.5927272273
cilindro,7.52,0.6354035877,0.083,1.076,0.5905237804
cilindro,7.52,0.6354035877,0.083,1.085,0.5856254264
Aro,7.52,0.5971262631,0.078,1.146,0.5210525856
Aro,7.52,0.5971262631,0.078,1.152,0.5183387701
Aro,7.52,0.5971262631,0.078,1.145,0.5215076534
Aro,7.52,0.5971262631,0.078,1.157,0.5160987581
Aro,7.52,0.5971262631,0.078,1.169,0.5108009094
Aro,7.52,0.5971262631,0.078,1.186,0.5034791426
Aro,7.52,0.5971262631,0.078,1.168,0.511238239
Aro,7.52,0.5971262631,0.078,1.162,0.5138780233
Aro,7.52,0.5971262631,0.078,1.167,0.511676318
Aro,7.52,0.5971262631,0.078,1.151,0.5187891078
esfera,7.52,0.5971262631,0.078,0.957,0.6239563878
esfera,7.52,0.5971262631,0.078,1.017,0.5871448015
esfera,7.52,0.5971262631,0.078,0.992,0.6019417975
esfera,7.52,0.5971262631,0.078,0.973,0.6136960566
esfera,7.52,0.5971262631,0.078,1.022,0.5842722731
esfera,7.52,0.5971262631,0.078,0.967,0.6175038915
esfera,7.52,0.5971262631,0.078,1.027,0.5814277148
esfera,7.52,0.5971262631,0.078,0.988,0.6043788088
esfera,7.52,0.5971262631,0.078,0.97,0.6155940857
esfera,7.52,0.5971262631,0.078,0.945,0.6318796435
cilindro,7.52,0.5971262631,0.078,1.017,0.5871448015
cilindro,7.52,0.5971262631,0.078,1.035,0.5769335875
cilindro,7.52,0.5971262631,0.078,1.034,0.5774915504
cilindro,7.52,0.5971262631,0.078,1.042,0.5730578341
cilindro,7.52,0.5971262631,0.078,1.022,0.5842722731
cilindro,7.52,0.5971262631,0.078,1.018,0.5865680384
cilindro,7.52,0.5971262631,0.078,1.027,0.5814277148
cilindro,7.52,0.5971262631,0.078,1.027,0.5814277148
cilindro,7.52,0.5971262631,0.078,1.034,0.5774915504
cilindro,7.52,0.5971262631,0.078,1.029,0.5802976318